{
  "train_loss": [
    1984.549144744873,
    1244.0505304336548,
    184.01992750167847,
    115.40867733955383,
    114.17405843734741,
    115.08031249046326,
    111.83815169334412,
    114.78450417518616,
    114.80538177490234,
    109.96069538593292,
    112.93755316734314,
    105.87493228912354,
    109.60944986343384,
    108.7258448600769,
    112.19928896427155,
    112.7709527015686,
    108.80720043182373,
    104.67729187011719,
    112.32461619377136,
    111.08082127571106,
    107.95420408248901,
    111.5372006893158,
    109.94105982780457,
    108.5210030078888,
    113.66601467132568
  ],
  "val_loss": [
    1821.9551478794642,
    485.8462611607143,
    66.07972717285156,
    67.9517707824707,
    66.41108812604632,
    66.3567374093192,
    69.73228454589844,
    66.97460774012974,
    67.88997377668109,
    70.2303935459682,
    65.93289293561664,
    65.64808436802456,
    68.49191120692662,
    67.79080418178013,
    64.77195467267718,
    66.04854202270508,
    67.35886492047992,
    71.72090639386859,
    67.76145935058594,
    68.01280103410993,
    70.79573168073382,
    69.6830804007394,
    68.8108389718192,
    68.05817794799805,
    70.1942629132952
  ],
  "train_mae": [
    31.51548832654953,
    24.63264387845993,
    8.232105076313019,
    6.420965254306793,
    6.309809528291225,
    6.395615354180336,
    6.288868725299835,
    6.31418964266777,
    6.293539345264435,
    6.176822513341904,
    6.223011553287506,
    6.088617891073227,
    6.134377419948578,
    6.100595057010651,
    6.208213642239571,
    6.237640529870987,
    6.087524011731148,
    5.9686818569898605,
    6.1832869946956635,
    6.163141220808029,
    6.151235342025757,
    6.19393053650856,
    6.144306093454361,
    6.044378578662872,
    6.215435609221458
  ],
  "val_mae": [
    30.508975437709264,
    15.002935818263463,
    4.539094686508179,
    4.6591008731297086,
    4.5718904222760886,
    4.627297128949847,
    4.824782167162214,
    4.65802492414202,
    4.677633558000837,
    4.7934152739388605,
    4.591142654418945,
    4.613835879734585,
    4.736174515315464,
    4.736019951956613,
    4.577063253947666,
    4.628894805908203,
    4.722417627062116,
    4.950422968183245,
    4.7787492615836005,
    4.711980070386614,
    4.851628848484585,
    4.833187648228237,
    4.805256162370954,
    4.761007581438337,
    4.8894134249006
  ]
}