{
  "train_loss": [
    2111.3768005371094,
    917.41526222229,
    201.93360948562622,
    181.85520601272583,
    173.64540576934814,
    174.8236482143402,
    179.19871711730957,
    173.85809993743896,
    175.14653992652893,
    178.29946041107178
  ],
  "val_loss": [
    1770.2213309151787,
    205.13492693219865,
    154.04021998814173,
    142.32735225132532,
    143.18658120291573,
    144.03485325404577,
    143.47891453334265,
    142.36525181361608,
    145.84369441441126,
    145.56765856061662
  ],
  "train_mae": [
    32.110629975795746,
    19.97510999441147,
    8.83020831644535,
    8.436612397432327,
    8.238591611385345,
    8.196201175451279,
    8.259123355150223,
    8.110234200954437,
    8.130361214280128,
    8.180998966097832
  ],
  "val_mae": [
    29.533493314470565,
    8.76863043648856,
    7.418242454528809,
    7.149876322065081,
    7.173125267028809,
    7.168315274374826,
    7.1675614629473,
    7.174656527382987,
    7.202585084097726,
    7.194365365164621
  ]
}